{
  "P0000": {
    "place": "VELLORE"
  },
  "P0001": {
    "place": "NELLIPATLA"
  },
  "P0002": {
    "place": "Nellipatla"
  },
  "P0003": {
    "place": "N0.9/1 Chamundeswari Layout, Vidyaranyapura, Bangalore, Karnataka, 560097"
  },
  "P0004": {
    "place": "Chappidipalli"
  },
  "P0005": {
    "place": "10/1, 9th Cross, 3rd Main, Chamundeswari Layout, Bangalore, Karnataka, 560097, INDIA"
  },
  "P0006": {
    "place": "No 129, RaghaSudha, 9th Cross, 2nd Main, 1St Block, BEL Layout, Vidyaranyapura, Bangalore, 560097, India"
  },
  "P0007": {
    "place": "No:1, Bharatiramana, Second Main, 9th A, Cross, Nanjappa Layout, Vidyaranya pura., Bangalore, Karnataka"
  },
  "P0008": {
    "place": "Guntur"
  },
  "P0009": {
    "place": "No 23, Ananda Theertha, 5th Cross"
  },
  "P0010": {
    "place": "Tirupati"
  },
  "P0011": {
    "place": "Archaka, Ganesh Temple, Errativaripalli, Sadum, Chittoor (District), AP, 517123"
  },
  "P0012": {
    "place": "31/5, Deepanjalinagar, Bangalore, 560026"
  },
  "P0013": {
    "place": "Baireddipalli"
  },
  "P0014": {
    "place": "Palamaner"
  },
  "P0015": {
    "place": "Acharya Street, Baireddipalli, Baireddipalli, AP, 517415"
  },
  "P0016": {
    "place": "Brahmis Street, Greemspet, Chittoor, Chittoor, AP"
  },
  "P0017": {
    "place": "HNo 709,  7th Block, 5th Main, 5th Phase, Nagarjuna Appartments, Yelahanka New Town, Bangalore, Karnataka"
  },
  "P0018": {
    "place": "272, 6th Cross,17th Main, E Block, JP Nagara, Mysore, Karnataka"
  },
  "P0019": {
    "place": "Machilipatnam"
  },
  "P0020": {
    "place": "5/142, Rajakas Street, Pathapeta, Palamaner"
  },
  "P0021": {
    "place": "Belupalli"
  },
  "P0022": {
    "place": "Ambur"
  },
  "P0023": {
    "place": "Madurai"
  },
  "P0024": {
    "place": "Navaghad, Madyapradesh"
  },
  "P0026": {
    "place": "Tirupattur"
  },
  "P0025": {
    "place": "Erode"
  },
  "P0027": {
    "place": "Bellary"
  },
  "P0028": {
    "place": "Srikalahasti"
  },
  "P0029": {
    "place": "Hyderabad"
  },
  "P0030": {
    "place": "10/1, 9th Cross, III Main, Chamundeswari Layout, Vidyaranyapura, Bangalore, Karnataka, 560097, INDIA"
  },
  "P0031": {
    "place": "51/1, 7th Cross, III Main, Chamundeswari Layout, Vidyaranyapura, Bangalore, Karnataka, 560097, India"
  },
  "P0032": {
    "place": "Madanapalli"
  },
  "P0033": {
    "place": "Bangalore"
  },
  "P0034": {
    "place": "Aberdeen, Scotland"
  },
  "P0035": {
    "place": "New Delhi"
  },
  "P0036": {
    "place": "Bhadravati"
  },
  "P0037": {
    "place": "Sundrapalya"
  },
  "P0038": {
    "place": "Theertham"
  },
  "P0039": {
    "place": "Chittoor"
  },
  "P0040": {
    "place": "C/o Mandi Ramakrishna House, PTM Road, Mulakalacheruvu(RS), Chittoor (District), AP, 517390, INDIA"
  },
  "P0041": {
    "place": "#1285, 10th Main, Vijayanagar, Bangalore, Karnataka, 560040, India"
  },
  "P0042": {
    "place": "Arangablugam"
  },
  "P0043": {
    "place": "Gudiyatham"
  },
  "P0044": {
    "place": "Proddutur"
  },
  "P0045": {
    "place": "Bidar, Karnataka"
  },
  "P0046": {
    "place": "Bhavani Nagar, Tirupati"
  },
  "P0047": {
    "place": "Vidyaranyapura"
  },
  "P0048": {
    "place": "Hospet"
  },
  "P0049": {
    "place": "Satara, Maharastra"
  },
  "P0050": {
    "place": "Guntakal"
  },
  "P0052": {
    "place": "Namma Sampradaya Charitable Trust, Whitefield, Bangalore"
  },
  "P0051": {
    "place": "Rajampet"
  },
  "P0053": {
    "place": "Mysore"
  },
  "P0054": {
    "place": "Mantralayam"
  },
  "P0055": {
    "place": "Satyamangalam"
  },
  "P0056": {
    "place": "VANIYAMMBADI"
  },
  "P0058": {
    "place": "Sri Vasavi VIdyapeetha, Bangalore"
  },
  "P0057": {
    "place": "Raichur"
  },
  "P0059": {
    "place": "Vellore"
  },
  "P0060": {
    "place": "BANGALORE"
  },
  "P0061": {
    "place": "Krishnagiri"
  },
  "P0062": {
    "place": "MADURAI"
  },
  "P0063": {
    "place": "KUDLIGI"
  },
  "P0064": {
    "place": "ERODE"
  },
  "P0066": {
    "place": "LAKKANAPALLI"
  },
  "P0065": {
    "place": "VILLUPURAM"
  },
  "P0067": {
    "place": "BELUPALLI"
  },
  "P0068": {
    "place": "KONGATAM"
  },
  "P0069": {
    "place": "Dharmapuri"
  },
  "P0070": {
    "place": "SHANTIPURAM"
  },
  "P0071": {
    "place": "MANGALAM"
  },
  "P0072": {
    "place": "PULIVENDULA"
  }
}